"plan_id","provider_type_id","search_url","search_id"
0,-1,"https://www.geisinger.org/health-plan/providersearch/pgrpnp/geisinger-choice-ppo/-1/all-physicians",0
0,1000,"https://www.geisinger.org/health-plan/providersearch/pgrpnp/geisinger-choice-ppo/1000/behavioral-health",1
0,21,"https://www.geisinger.org/health-plan/providersearch/pgrpnp/geisinger-choice-ppo/21/medical-group-or-group-practice",2
0,23,"https://www.geisinger.org/health-plan/providersearch/pgrpnp/geisinger-choice-ppo/23/primary-care-physician",3
0,24,"https://www.geisinger.org/health-plan/providersearch/pgrpnp/geisinger-choice-ppo/24/specialty-care-physician",4
0,2,"https://www.geisinger.org/health-plan/providersearch/pgrpnp/geisinger-choice-ppo/2/ambulatory-surgical-centers",5
0,3,"https://www.geisinger.org/health-plan/providersearch/pgrpnp/geisinger-choice-ppo/3/audiology-facilities",6
0,4,"https://www.geisinger.org/health-plan/providersearch/pgrpnp/geisinger-choice-ppo/4/convenience-clinics",7
0,5,"https://www.geisinger.org/health-plan/providersearch/pgrpnp/geisinger-choice-ppo/5/dialysis-facilities",8
0,9,"https://www.geisinger.org/health-plan/providersearch/pgrpnp/geisinger-choice-ppo/9/hospital",9
0,10,"https://www.geisinger.org/health-plan/providersearch/pgrpnp/geisinger-choice-ppo/10/infusion-therapy-services",10
0,11,"https://www.geisinger.org/health-plan/providersearch/pgrpnp/geisinger-choice-ppo/11/laboratory-services",11
0,12,"https://www.geisinger.org/health-plan/providersearch/pgrpnp/geisinger-choice-ppo/12/monitoring-services",12
0,16,"https://www.geisinger.org/health-plan/providersearch/pgrpnp/geisinger-choice-ppo/16/radiology-facilities",13
0,17,"https://www.geisinger.org/health-plan/providersearch/pgrpnp/geisinger-choice-ppo/17/rehabilitation-facilities",14
0,18,"https://www.geisinger.org/health-plan/providersearch/pgrpnp/geisinger-choice-ppo/18/skilled-nursing-facilities",15
0,27,"https://www.geisinger.org/health-plan/providersearch/pgrpnp/geisinger-choice-ppo/27/sleep-lab-facility",16
0,19,"https://www.geisinger.org/health-plan/providersearch/pgrpnp/geisinger-choice-ppo/19/urgent-care-facilities",17
0,1,"https://www.geisinger.org/health-plan/providersearch/pgrpnp/geisinger-choice-ppo/1/ambulance-providers",18
0,7,"https://www.geisinger.org/health-plan/providersearch/pgrpnp/geisinger-choice-ppo/7/durable-medical-equipment",19
0,8,"https://www.geisinger.org/health-plan/providersearch/pgrpnp/geisinger-choice-ppo/8/home-health-hospice-services",20
0,13,"https://www.geisinger.org/health-plan/providersearch/pgrpnp/geisinger-choice-ppo/13/ocularist",21
0,30,"https://www.geisinger.org/health-plan/providersearch/pgrpnp/geisinger-choice-ppo/30/office-based-opioid-treatment",22
0,14,"https://www.geisinger.org/health-plan/providersearch/pgrpnp/geisinger-choice-ppo/14/optical-hardware-supplier",23
0,15,"https://www.geisinger.org/health-plan/providersearch/pgrpnp/geisinger-choice-ppo/15/prosthetics-orthotics",24
1,-1,"https://www.geisinger.org/health-plan/providersearch/pgtp/geisinger-health-options/-1/all-physicians",25
1,1000,"https://www.geisinger.org/health-plan/providersearch/pgtp/geisinger-health-options/1000/behavioral-health",26
1,21,"https://www.geisinger.org/health-plan/providersearch/pgtp/geisinger-health-options/21/medical-group-or-group-practice",27
1,23,"https://www.geisinger.org/health-plan/providersearch/pgtp/geisinger-health-options/23/primary-care-physician",28
1,24,"https://www.geisinger.org/health-plan/providersearch/pgtp/geisinger-health-options/24/specialty-care-physician",29
1,2,"https://www.geisinger.org/health-plan/providersearch/pgtp/geisinger-health-options/2/ambulatory-surgical-centers",30
1,3,"https://www.geisinger.org/health-plan/providersearch/pgtp/geisinger-health-options/3/audiology-facilities",31
1,4,"https://www.geisinger.org/health-plan/providersearch/pgtp/geisinger-health-options/4/convenience-clinics",32
1,5,"https://www.geisinger.org/health-plan/providersearch/pgtp/geisinger-health-options/5/dialysis-facilities",33
1,9,"https://www.geisinger.org/health-plan/providersearch/pgtp/geisinger-health-options/9/hospital",34
1,10,"https://www.geisinger.org/health-plan/providersearch/pgtp/geisinger-health-options/10/infusion-therapy-services",35
1,11,"https://www.geisinger.org/health-plan/providersearch/pgtp/geisinger-health-options/11/laboratory-services",36
1,12,"https://www.geisinger.org/health-plan/providersearch/pgtp/geisinger-health-options/12/monitoring-services",37
1,16,"https://www.geisinger.org/health-plan/providersearch/pgtp/geisinger-health-options/16/radiology-facilities",38
1,17,"https://www.geisinger.org/health-plan/providersearch/pgtp/geisinger-health-options/17/rehabilitation-facilities",39
1,18,"https://www.geisinger.org/health-plan/providersearch/pgtp/geisinger-health-options/18/skilled-nursing-facilities",40
1,27,"https://www.geisinger.org/health-plan/providersearch/pgtp/geisinger-health-options/27/sleep-lab-facility",41
1,19,"https://www.geisinger.org/health-plan/providersearch/pgtp/geisinger-health-options/19/urgent-care-facilities",42
1,1,"https://www.geisinger.org/health-plan/providersearch/pgtp/geisinger-health-options/1/ambulance-providers",43
1,7,"https://www.geisinger.org/health-plan/providersearch/pgtp/geisinger-health-options/7/durable-medical-equipment",44
1,8,"https://www.geisinger.org/health-plan/providersearch/pgtp/geisinger-health-options/8/home-health-hospice-services",45
1,13,"https://www.geisinger.org/health-plan/providersearch/pgtp/geisinger-health-options/13/ocularist",46
1,30,"https://www.geisinger.org/health-plan/providersearch/pgtp/geisinger-health-options/30/office-based-opioid-treatment",47
1,14,"https://www.geisinger.org/health-plan/providersearch/pgtp/geisinger-health-options/14/optical-hardware-supplier",48
1,15,"https://www.geisinger.org/health-plan/providersearch/pgtp/geisinger-health-options/15/prosthetics-orthotics",49
2,-1,"https://www.geisinger.org/health-plan/providersearch/pghm/geisinger-health-plan/-1/all-physicians",50
2,1000,"https://www.geisinger.org/health-plan/providersearch/pghm/geisinger-health-plan/1000/behavioral-health",51
2,21,"https://www.geisinger.org/health-plan/providersearch/pghm/geisinger-health-plan/21/medical-group-or-group-practice",52
2,23,"https://www.geisinger.org/health-plan/providersearch/pghm/geisinger-health-plan/23/primary-care-physician",53
2,24,"https://www.geisinger.org/health-plan/providersearch/pghm/geisinger-health-plan/24/specialty-care-physician",54
2,2,"https://www.geisinger.org/health-plan/providersearch/pghm/geisinger-health-plan/2/ambulatory-surgical-centers",55
2,3,"https://www.geisinger.org/health-plan/providersearch/pghm/geisinger-health-plan/3/audiology-facilities",56
2,4,"https://www.geisinger.org/health-plan/providersearch/pghm/geisinger-health-plan/4/convenience-clinics",57
2,5,"https://www.geisinger.org/health-plan/providersearch/pghm/geisinger-health-plan/5/dialysis-facilities",58
2,9,"https://www.geisinger.org/health-plan/providersearch/pghm/geisinger-health-plan/9/hospital",59
2,10,"https://www.geisinger.org/health-plan/providersearch/pghm/geisinger-health-plan/10/infusion-therapy-services",60
2,11,"https://www.geisinger.org/health-plan/providersearch/pghm/geisinger-health-plan/11/laboratory-services",61
2,12,"https://www.geisinger.org/health-plan/providersearch/pghm/geisinger-health-plan/12/monitoring-services",62
2,16,"https://www.geisinger.org/health-plan/providersearch/pghm/geisinger-health-plan/16/radiology-facilities",63
2,17,"https://www.geisinger.org/health-plan/providersearch/pghm/geisinger-health-plan/17/rehabilitation-facilities",64
2,18,"https://www.geisinger.org/health-plan/providersearch/pghm/geisinger-health-plan/18/skilled-nursing-facilities",65
2,27,"https://www.geisinger.org/health-plan/providersearch/pghm/geisinger-health-plan/27/sleep-lab-facility",66
2,19,"https://www.geisinger.org/health-plan/providersearch/pghm/geisinger-health-plan/19/urgent-care-facilities",67
2,1,"https://www.geisinger.org/health-plan/providersearch/pghm/geisinger-health-plan/1/ambulance-providers",68
2,7,"https://www.geisinger.org/health-plan/providersearch/pghm/geisinger-health-plan/7/durable-medical-equipment",69
2,8,"https://www.geisinger.org/health-plan/providersearch/pghm/geisinger-health-plan/8/home-health-hospice-services",70
2,13,"https://www.geisinger.org/health-plan/providersearch/pghm/geisinger-health-plan/13/ocularist",71
2,30,"https://www.geisinger.org/health-plan/providersearch/pghm/geisinger-health-plan/30/office-based-opioid-treatment",72
2,14,"https://www.geisinger.org/health-plan/providersearch/pghm/geisinger-health-plan/14/optical-hardware-supplier",73
2,15,"https://www.geisinger.org/health-plan/providersearch/pghm/geisinger-health-plan/15/prosthetics-orthotics",74
3,-1,"https://www.geisinger.org/health-plan/providersearch/pgtg/geisinger-health-system-employee-plan/-1/all-physicians",75
3,1000,"https://www.geisinger.org/health-plan/providersearch/pgtg/geisinger-health-system-employee-plan/1000/behavioral-health",76
3,21,"https://www.geisinger.org/health-plan/providersearch/pgtg/geisinger-health-system-employee-plan/21/medical-group-or-group-practice",77
3,23,"https://www.geisinger.org/health-plan/providersearch/pgtg/geisinger-health-system-employee-plan/23/primary-care-physician",78
3,24,"https://www.geisinger.org/health-plan/providersearch/pgtg/geisinger-health-system-employee-plan/24/specialty-care-physician",79
3,2,"https://www.geisinger.org/health-plan/providersearch/pgtg/geisinger-health-system-employee-plan/2/ambulatory-surgical-centers",80
3,3,"https://www.geisinger.org/health-plan/providersearch/pgtg/geisinger-health-system-employee-plan/3/audiology-facilities",81
3,4,"https://www.geisinger.org/health-plan/providersearch/pgtg/geisinger-health-system-employee-plan/4/convenience-clinics",82
3,5,"https://www.geisinger.org/health-plan/providersearch/pgtg/geisinger-health-system-employee-plan/5/dialysis-facilities",83
3,9,"https://www.geisinger.org/health-plan/providersearch/pgtg/geisinger-health-system-employee-plan/9/hospital",84
3,10,"https://www.geisinger.org/health-plan/providersearch/pgtg/geisinger-health-system-employee-plan/10/infusion-therapy-services",85
3,11,"https://www.geisinger.org/health-plan/providersearch/pgtg/geisinger-health-system-employee-plan/11/laboratory-services",86
3,12,"https://www.geisinger.org/health-plan/providersearch/pgtg/geisinger-health-system-employee-plan/12/monitoring-services",87
3,16,"https://www.geisinger.org/health-plan/providersearch/pgtg/geisinger-health-system-employee-plan/16/radiology-facilities",88
3,17,"https://www.geisinger.org/health-plan/providersearch/pgtg/geisinger-health-system-employee-plan/17/rehabilitation-facilities",89
3,18,"https://www.geisinger.org/health-plan/providersearch/pgtg/geisinger-health-system-employee-plan/18/skilled-nursing-facilities",90
3,27,"https://www.geisinger.org/health-plan/providersearch/pgtg/geisinger-health-system-employee-plan/27/sleep-lab-facility",91
3,19,"https://www.geisinger.org/health-plan/providersearch/pgtg/geisinger-health-system-employee-plan/19/urgent-care-facilities",92
3,1,"https://www.geisinger.org/health-plan/providersearch/pgtg/geisinger-health-system-employee-plan/1/ambulance-providers",93
3,7,"https://www.geisinger.org/health-plan/providersearch/pgtg/geisinger-health-system-employee-plan/7/durable-medical-equipment",94
3,8,"https://www.geisinger.org/health-plan/providersearch/pgtg/geisinger-health-system-employee-plan/8/home-health-hospice-services",95
3,13,"https://www.geisinger.org/health-plan/providersearch/pgtg/geisinger-health-system-employee-plan/13/ocularist",96
3,30,"https://www.geisinger.org/health-plan/providersearch/pgtg/geisinger-health-system-employee-plan/30/office-based-opioid-treatment",97
3,14,"https://www.geisinger.org/health-plan/providersearch/pgtg/geisinger-health-system-employee-plan/14/optical-hardware-supplier",98
3,15,"https://www.geisinger.org/health-plan/providersearch/pgtg/geisinger-health-system-employee-plan/15/prosthetics-orthotics",99
4,-1,"https://www.geisinger.org/health-plan/providersearch/pgxhxc/geisinger-marketplace-hmo-pos-catastrophic/-1/all-physicians",100
4,1000,"https://www.geisinger.org/health-plan/providersearch/pgxhxc/geisinger-marketplace-hmo-pos-catastrophic/1000/behavioral-health",101
4,21,"https://www.geisinger.org/health-plan/providersearch/pgxhxc/geisinger-marketplace-hmo-pos-catastrophic/21/medical-group-or-group-practice",102
4,23,"https://www.geisinger.org/health-plan/providersearch/pgxhxc/geisinger-marketplace-hmo-pos-catastrophic/23/primary-care-physician",103
4,24,"https://www.geisinger.org/health-plan/providersearch/pgxhxc/geisinger-marketplace-hmo-pos-catastrophic/24/specialty-care-physician",104
4,2,"https://www.geisinger.org/health-plan/providersearch/pgxhxc/geisinger-marketplace-hmo-pos-catastrophic/2/ambulatory-surgical-centers",105
4,3,"https://www.geisinger.org/health-plan/providersearch/pgxhxc/geisinger-marketplace-hmo-pos-catastrophic/3/audiology-facilities",106
4,4,"https://www.geisinger.org/health-plan/providersearch/pgxhxc/geisinger-marketplace-hmo-pos-catastrophic/4/convenience-clinics",107
4,5,"https://www.geisinger.org/health-plan/providersearch/pgxhxc/geisinger-marketplace-hmo-pos-catastrophic/5/dialysis-facilities",108
4,9,"https://www.geisinger.org/health-plan/providersearch/pgxhxc/geisinger-marketplace-hmo-pos-catastrophic/9/hospital",109
4,10,"https://www.geisinger.org/health-plan/providersearch/pgxhxc/geisinger-marketplace-hmo-pos-catastrophic/10/infusion-therapy-services",110
4,11,"https://www.geisinger.org/health-plan/providersearch/pgxhxc/geisinger-marketplace-hmo-pos-catastrophic/11/laboratory-services",111
4,12,"https://www.geisinger.org/health-plan/providersearch/pgxhxc/geisinger-marketplace-hmo-pos-catastrophic/12/monitoring-services",112
4,16,"https://www.geisinger.org/health-plan/providersearch/pgxhxc/geisinger-marketplace-hmo-pos-catastrophic/16/radiology-facilities",113
4,17,"https://www.geisinger.org/health-plan/providersearch/pgxhxc/geisinger-marketplace-hmo-pos-catastrophic/17/rehabilitation-facilities",114
4,18,"https://www.geisinger.org/health-plan/providersearch/pgxhxc/geisinger-marketplace-hmo-pos-catastrophic/18/skilled-nursing-facilities",115
4,27,"https://www.geisinger.org/health-plan/providersearch/pgxhxc/geisinger-marketplace-hmo-pos-catastrophic/27/sleep-lab-facility",116
4,19,"https://www.geisinger.org/health-plan/providersearch/pgxhxc/geisinger-marketplace-hmo-pos-catastrophic/19/urgent-care-facilities",117
4,1,"https://www.geisinger.org/health-plan/providersearch/pgxhxc/geisinger-marketplace-hmo-pos-catastrophic/1/ambulance-providers",118
4,7,"https://www.geisinger.org/health-plan/providersearch/pgxhxc/geisinger-marketplace-hmo-pos-catastrophic/7/durable-medical-equipment",119
4,8,"https://www.geisinger.org/health-plan/providersearch/pgxhxc/geisinger-marketplace-hmo-pos-catastrophic/8/home-health-hospice-services",120
4,13,"https://www.geisinger.org/health-plan/providersearch/pgxhxc/geisinger-marketplace-hmo-pos-catastrophic/13/ocularist",121
4,30,"https://www.geisinger.org/health-plan/providersearch/pgxhxc/geisinger-marketplace-hmo-pos-catastrophic/30/office-based-opioid-treatment",122
4,14,"https://www.geisinger.org/health-plan/providersearch/pgxhxc/geisinger-marketplace-hmo-pos-catastrophic/14/optical-hardware-supplier",123
4,29,"https://www.geisinger.org/health-plan/providersearch/pgxhxc/geisinger-marketplace-hmo-pos-catastrophic/29/pediatric-dentistry",124
4,15,"https://www.geisinger.org/health-plan/providersearch/pgxhxc/geisinger-marketplace-hmo-pos-catastrophic/15/prosthetics-orthotics",125
5,-1,"https://www.geisinger.org/health-plan/providersearch/pgxpxf/geisinger-marketplace-ppo/-1/all-physicians",126
5,1000,"https://www.geisinger.org/health-plan/providersearch/pgxpxf/geisinger-marketplace-ppo/1000/behavioral-health",127
5,21,"https://www.geisinger.org/health-plan/providersearch/pgxpxf/geisinger-marketplace-ppo/21/medical-group-or-group-practice",128
5,23,"https://www.geisinger.org/health-plan/providersearch/pgxpxf/geisinger-marketplace-ppo/23/primary-care-physician",129
5,24,"https://www.geisinger.org/health-plan/providersearch/pgxpxf/geisinger-marketplace-ppo/24/specialty-care-physician",130
5,2,"https://www.geisinger.org/health-plan/providersearch/pgxpxf/geisinger-marketplace-ppo/2/ambulatory-surgical-centers",131
5,3,"https://www.geisinger.org/health-plan/providersearch/pgxpxf/geisinger-marketplace-ppo/3/audiology-facilities",132
5,4,"https://www.geisinger.org/health-plan/providersearch/pgxpxf/geisinger-marketplace-ppo/4/convenience-clinics",133
5,5,"https://www.geisinger.org/health-plan/providersearch/pgxpxf/geisinger-marketplace-ppo/5/dialysis-facilities",134
5,9,"https://www.geisinger.org/health-plan/providersearch/pgxpxf/geisinger-marketplace-ppo/9/hospital",135
5,10,"https://www.geisinger.org/health-plan/providersearch/pgxpxf/geisinger-marketplace-ppo/10/infusion-therapy-services",136
5,11,"https://www.geisinger.org/health-plan/providersearch/pgxpxf/geisinger-marketplace-ppo/11/laboratory-services",137
5,12,"https://www.geisinger.org/health-plan/providersearch/pgxpxf/geisinger-marketplace-ppo/12/monitoring-services",138
5,16,"https://www.geisinger.org/health-plan/providersearch/pgxpxf/geisinger-marketplace-ppo/16/radiology-facilities",139
5,17,"https://www.geisinger.org/health-plan/providersearch/pgxpxf/geisinger-marketplace-ppo/17/rehabilitation-facilities",140
5,18,"https://www.geisinger.org/health-plan/providersearch/pgxpxf/geisinger-marketplace-ppo/18/skilled-nursing-facilities",141
5,27,"https://www.geisinger.org/health-plan/providersearch/pgxpxf/geisinger-marketplace-ppo/27/sleep-lab-facility",142
5,19,"https://www.geisinger.org/health-plan/providersearch/pgxpxf/geisinger-marketplace-ppo/19/urgent-care-facilities",143
5,1,"https://www.geisinger.org/health-plan/providersearch/pgxpxf/geisinger-marketplace-ppo/1/ambulance-providers",144
5,7,"https://www.geisinger.org/health-plan/providersearch/pgxpxf/geisinger-marketplace-ppo/7/durable-medical-equipment",145
5,8,"https://www.geisinger.org/health-plan/providersearch/pgxpxf/geisinger-marketplace-ppo/8/home-health-hospice-services",146
5,13,"https://www.geisinger.org/health-plan/providersearch/pgxpxf/geisinger-marketplace-ppo/13/ocularist",147
5,30,"https://www.geisinger.org/health-plan/providersearch/pgxpxf/geisinger-marketplace-ppo/30/office-based-opioid-treatment",148
5,14,"https://www.geisinger.org/health-plan/providersearch/pgxpxf/geisinger-marketplace-ppo/14/optical-hardware-supplier",149
5,29,"https://www.geisinger.org/health-plan/providersearch/pgxpxf/geisinger-marketplace-ppo/29/pediatric-dentistry",150
5,15,"https://www.geisinger.org/health-plan/providersearch/pgxpxf/geisinger-marketplace-ppo/15/prosthetics-orthotics",151
6,-1,"https://www.geisinger.org/health-plan/providersearch/pgxsxe/geisinger-marketplace-ppo-select/-1/all-physicians",152
6,1000,"https://www.geisinger.org/health-plan/providersearch/pgxsxe/geisinger-marketplace-ppo-select/1000/behavioral-health",153
6,21,"https://www.geisinger.org/health-plan/providersearch/pgxsxe/geisinger-marketplace-ppo-select/21/medical-group-or-group-practice",154
6,23,"https://www.geisinger.org/health-plan/providersearch/pgxsxe/geisinger-marketplace-ppo-select/23/primary-care-physician",155
6,24,"https://www.geisinger.org/health-plan/providersearch/pgxsxe/geisinger-marketplace-ppo-select/24/specialty-care-physician",156
6,2,"https://www.geisinger.org/health-plan/providersearch/pgxsxe/geisinger-marketplace-ppo-select/2/ambulatory-surgical-centers",157
6,3,"https://www.geisinger.org/health-plan/providersearch/pgxsxe/geisinger-marketplace-ppo-select/3/audiology-facilities",158
6,4,"https://www.geisinger.org/health-plan/providersearch/pgxsxe/geisinger-marketplace-ppo-select/4/convenience-clinics",159
6,5,"https://www.geisinger.org/health-plan/providersearch/pgxsxe/geisinger-marketplace-ppo-select/5/dialysis-facilities",160
6,9,"https://www.geisinger.org/health-plan/providersearch/pgxsxe/geisinger-marketplace-ppo-select/9/hospital",161
6,10,"https://www.geisinger.org/health-plan/providersearch/pgxsxe/geisinger-marketplace-ppo-select/10/infusion-therapy-services",162
6,11,"https://www.geisinger.org/health-plan/providersearch/pgxsxe/geisinger-marketplace-ppo-select/11/laboratory-services",163
6,12,"https://www.geisinger.org/health-plan/providersearch/pgxsxe/geisinger-marketplace-ppo-select/12/monitoring-services",164
6,16,"https://www.geisinger.org/health-plan/providersearch/pgxsxe/geisinger-marketplace-ppo-select/16/radiology-facilities",165
6,17,"https://www.geisinger.org/health-plan/providersearch/pgxsxe/geisinger-marketplace-ppo-select/17/rehabilitation-facilities",166
6,18,"https://www.geisinger.org/health-plan/providersearch/pgxsxe/geisinger-marketplace-ppo-select/18/skilled-nursing-facilities",167
6,27,"https://www.geisinger.org/health-plan/providersearch/pgxsxe/geisinger-marketplace-ppo-select/27/sleep-lab-facility",168
6,19,"https://www.geisinger.org/health-plan/providersearch/pgxsxe/geisinger-marketplace-ppo-select/19/urgent-care-facilities",169
6,1,"https://www.geisinger.org/health-plan/providersearch/pgxsxe/geisinger-marketplace-ppo-select/1/ambulance-providers",170
6,7,"https://www.geisinger.org/health-plan/providersearch/pgxsxe/geisinger-marketplace-ppo-select/7/durable-medical-equipment",171
6,8,"https://www.geisinger.org/health-plan/providersearch/pgxsxe/geisinger-marketplace-ppo-select/8/home-health-hospice-services",172
6,13,"https://www.geisinger.org/health-plan/providersearch/pgxsxe/geisinger-marketplace-ppo-select/13/ocularist",173
6,30,"https://www.geisinger.org/health-plan/providersearch/pgxsxe/geisinger-marketplace-ppo-select/30/office-based-opioid-treatment",174
6,14,"https://www.geisinger.org/health-plan/providersearch/pgxsxe/geisinger-marketplace-ppo-select/14/optical-hardware-supplier",175
6,29,"https://www.geisinger.org/health-plan/providersearch/pgxsxe/geisinger-marketplace-ppo-select/29/pediatric-dentistry",176
6,15,"https://www.geisinger.org/health-plan/providersearch/pgxsxe/geisinger-marketplace-ppo-select/15/prosthetics-orthotics",177
7,-1,"https://www.geisinger.org/health-plan/providersearch/pgst/geisinger-smart-options/-1/all-physicians",178
7,1000,"https://www.geisinger.org/health-plan/providersearch/pgst/geisinger-smart-options/1000/behavioral-health",179
7,21,"https://www.geisinger.org/health-plan/providersearch/pgst/geisinger-smart-options/21/medical-group-or-group-practice",180
7,23,"https://www.geisinger.org/health-plan/providersearch/pgst/geisinger-smart-options/23/primary-care-physician",181
7,24,"https://www.geisinger.org/health-plan/providersearch/pgst/geisinger-smart-options/24/specialty-care-physician",182
7,2,"https://www.geisinger.org/health-plan/providersearch/pgst/geisinger-smart-options/2/ambulatory-surgical-centers",183
7,3,"https://www.geisinger.org/health-plan/providersearch/pgst/geisinger-smart-options/3/audiology-facilities",184
7,4,"https://www.geisinger.org/health-plan/providersearch/pgst/geisinger-smart-options/4/convenience-clinics",185
7,5,"https://www.geisinger.org/health-plan/providersearch/pgst/geisinger-smart-options/5/dialysis-facilities",186
7,9,"https://www.geisinger.org/health-plan/providersearch/pgst/geisinger-smart-options/9/hospital",187
7,10,"https://www.geisinger.org/health-plan/providersearch/pgst/geisinger-smart-options/10/infusion-therapy-services",188
7,11,"https://www.geisinger.org/health-plan/providersearch/pgst/geisinger-smart-options/11/laboratory-services",189
7,12,"https://www.geisinger.org/health-plan/providersearch/pgst/geisinger-smart-options/12/monitoring-services",190
7,16,"https://www.geisinger.org/health-plan/providersearch/pgst/geisinger-smart-options/16/radiology-facilities",191
7,17,"https://www.geisinger.org/health-plan/providersearch/pgst/geisinger-smart-options/17/rehabilitation-facilities",192
7,18,"https://www.geisinger.org/health-plan/providersearch/pgst/geisinger-smart-options/18/skilled-nursing-facilities",193
7,27,"https://www.geisinger.org/health-plan/providersearch/pgst/geisinger-smart-options/27/sleep-lab-facility",194
7,19,"https://www.geisinger.org/health-plan/providersearch/pgst/geisinger-smart-options/19/urgent-care-facilities",195
7,1,"https://www.geisinger.org/health-plan/providersearch/pgst/geisinger-smart-options/1/ambulance-providers",196
7,7,"https://www.geisinger.org/health-plan/providersearch/pgst/geisinger-smart-options/7/durable-medical-equipment",197
7,8,"https://www.geisinger.org/health-plan/providersearch/pgst/geisinger-smart-options/8/home-health-hospice-services",198
7,13,"https://www.geisinger.org/health-plan/providersearch/pgst/geisinger-smart-options/13/ocularist",199
7,30,"https://www.geisinger.org/health-plan/providersearch/pgst/geisinger-smart-options/30/office-based-opioid-treatment",200
7,14,"https://www.geisinger.org/health-plan/providersearch/pgst/geisinger-smart-options/14/optical-hardware-supplier",201
7,15,"https://www.geisinger.org/health-plan/providersearch/pgst/geisinger-smart-options/15/prosthetics-orthotics",202
8,-1,"https://www.geisinger.org/health-plan/providersearch/pgrpao/aon-active-health-exchange/-1/all-physicians",203
8,1000,"https://www.geisinger.org/health-plan/providersearch/pgrpao/aon-active-health-exchange/1000/behavioral-health",204
8,21,"https://www.geisinger.org/health-plan/providersearch/pgrpao/aon-active-health-exchange/21/medical-group-or-group-practice",205
8,23,"https://www.geisinger.org/health-plan/providersearch/pgrpao/aon-active-health-exchange/23/primary-care-physician",206
8,24,"https://www.geisinger.org/health-plan/providersearch/pgrpao/aon-active-health-exchange/24/specialty-care-physician",207
8,2,"https://www.geisinger.org/health-plan/providersearch/pgrpao/aon-active-health-exchange/2/ambulatory-surgical-centers",208
8,3,"https://www.geisinger.org/health-plan/providersearch/pgrpao/aon-active-health-exchange/3/audiology-facilities",209
8,4,"https://www.geisinger.org/health-plan/providersearch/pgrpao/aon-active-health-exchange/4/convenience-clinics",210
8,5,"https://www.geisinger.org/health-plan/providersearch/pgrpao/aon-active-health-exchange/5/dialysis-facilities",211
8,9,"https://www.geisinger.org/health-plan/providersearch/pgrpao/aon-active-health-exchange/9/hospital",212
8,10,"https://www.geisinger.org/health-plan/providersearch/pgrpao/aon-active-health-exchange/10/infusion-therapy-services",213
8,11,"https://www.geisinger.org/health-plan/providersearch/pgrpao/aon-active-health-exchange/11/laboratory-services",214
8,12,"https://www.geisinger.org/health-plan/providersearch/pgrpao/aon-active-health-exchange/12/monitoring-services",215
8,16,"https://www.geisinger.org/health-plan/providersearch/pgrpao/aon-active-health-exchange/16/radiology-facilities",216
8,17,"https://www.geisinger.org/health-plan/providersearch/pgrpao/aon-active-health-exchange/17/rehabilitation-facilities",217
8,18,"https://www.geisinger.org/health-plan/providersearch/pgrpao/aon-active-health-exchange/18/skilled-nursing-facilities",218
8,27,"https://www.geisinger.org/health-plan/providersearch/pgrpao/aon-active-health-exchange/27/sleep-lab-facility",219
8,19,"https://www.geisinger.org/health-plan/providersearch/pgrpao/aon-active-health-exchange/19/urgent-care-facilities",220
8,1,"https://www.geisinger.org/health-plan/providersearch/pgrpao/aon-active-health-exchange/1/ambulance-providers",221
8,7,"https://www.geisinger.org/health-plan/providersearch/pgrpao/aon-active-health-exchange/7/durable-medical-equipment",222
8,8,"https://www.geisinger.org/health-plan/providersearch/pgrpao/aon-active-health-exchange/8/home-health-hospice-services",223
8,13,"https://www.geisinger.org/health-plan/providersearch/pgrpao/aon-active-health-exchange/13/ocularist",224
8,30,"https://www.geisinger.org/health-plan/providersearch/pgrpao/aon-active-health-exchange/30/office-based-opioid-treatment",225
8,14,"https://www.geisinger.org/health-plan/providersearch/pgrpao/aon-active-health-exchange/14/optical-hardware-supplier",226
8,29,"https://www.geisinger.org/health-plan/providersearch/pgrpao/aon-active-health-exchange/29/pediatric-dentistry",227
8,15,"https://www.geisinger.org/health-plan/providersearch/pgrpao/aon-active-health-exchange/15/prosthetics-orthotics",228
9,-1,"https://www.geisinger.org/health-plan/providersearch/pgac62/atlanticare/-1/all-physicians",229
9,1000,"https://www.geisinger.org/health-plan/providersearch/pgac62/atlanticare/1000/behavioral-health",230
9,21,"https://www.geisinger.org/health-plan/providersearch/pgac62/atlanticare/21/medical-group-or-group-practice",231
9,23,"https://www.geisinger.org/health-plan/providersearch/pgac62/atlanticare/23/primary-care-physician",232
9,24,"https://www.geisinger.org/health-plan/providersearch/pgac62/atlanticare/24/specialty-care-physician",233
9,2,"https://www.geisinger.org/health-plan/providersearch/pgac62/atlanticare/2/ambulatory-surgical-centers",234
9,3,"https://www.geisinger.org/health-plan/providersearch/pgac62/atlanticare/3/audiology-facilities",235
9,4,"https://www.geisinger.org/health-plan/providersearch/pgac62/atlanticare/4/convenience-clinics",236
9,5,"https://www.geisinger.org/health-plan/providersearch/pgac62/atlanticare/5/dialysis-facilities",237
9,9,"https://www.geisinger.org/health-plan/providersearch/pgac62/atlanticare/9/hospital",238
9,10,"https://www.geisinger.org/health-plan/providersearch/pgac62/atlanticare/10/infusion-therapy-services",239
9,11,"https://www.geisinger.org/health-plan/providersearch/pgac62/atlanticare/11/laboratory-services",240
9,12,"https://www.geisinger.org/health-plan/providersearch/pgac62/atlanticare/12/monitoring-services",241
9,16,"https://www.geisinger.org/health-plan/providersearch/pgac62/atlanticare/16/radiology-facilities",242
9,17,"https://www.geisinger.org/health-plan/providersearch/pgac62/atlanticare/17/rehabilitation-facilities",243
9,18,"https://www.geisinger.org/health-plan/providersearch/pgac62/atlanticare/18/skilled-nursing-facilities",244
9,27,"https://www.geisinger.org/health-plan/providersearch/pgac62/atlanticare/27/sleep-lab-facility",245
9,19,"https://www.geisinger.org/health-plan/providersearch/pgac62/atlanticare/19/urgent-care-facilities",246
9,1,"https://www.geisinger.org/health-plan/providersearch/pgac62/atlanticare/1/ambulance-providers",247
9,7,"https://www.geisinger.org/health-plan/providersearch/pgac62/atlanticare/7/durable-medical-equipment",248
9,8,"https://www.geisinger.org/health-plan/providersearch/pgac62/atlanticare/8/home-health-hospice-services",249
9,13,"https://www.geisinger.org/health-plan/providersearch/pgac62/atlanticare/13/ocularist",250
9,30,"https://www.geisinger.org/health-plan/providersearch/pgac62/atlanticare/30/office-based-opioid-treatment",251
9,14,"https://www.geisinger.org/health-plan/providersearch/pgac62/atlanticare/14/optical-hardware-supplier",252
9,29,"https://www.geisinger.org/health-plan/providersearch/pgac62/atlanticare/29/pediatric-dentistry",253
9,15,"https://www.geisinger.org/health-plan/providersearch/pgac62/atlanticare/15/prosthetics-orthotics",254
10,-1,"https://www.geisinger.org/health-plan/providersearch/pgde81/christiana-care-health-system-employee-plan/-1/all-physicians",255
10,1000,"https://www.geisinger.org/health-plan/providersearch/pgde81/christiana-care-health-system-employee-plan/1000/behavioral-health",256
10,21,"https://www.geisinger.org/health-plan/providersearch/pgde81/christiana-care-health-system-employee-plan/21/medical-group-or-group-practice",257
10,23,"https://www.geisinger.org/health-plan/providersearch/pgde81/christiana-care-health-system-employee-plan/23/primary-care-physician",258
10,24,"https://www.geisinger.org/health-plan/providersearch/pgde81/christiana-care-health-system-employee-plan/24/specialty-care-physician",259
10,2,"https://www.geisinger.org/health-plan/providersearch/pgde81/christiana-care-health-system-employee-plan/2/ambulatory-surgical-centers",260
10,3,"https://www.geisinger.org/health-plan/providersearch/pgde81/christiana-care-health-system-employee-plan/3/audiology-facilities",261
10,4,"https://www.geisinger.org/health-plan/providersearch/pgde81/christiana-care-health-system-employee-plan/4/convenience-clinics",262
10,5,"https://www.geisinger.org/health-plan/providersearch/pgde81/christiana-care-health-system-employee-plan/5/dialysis-facilities",263
10,9,"https://www.geisinger.org/health-plan/providersearch/pgde81/christiana-care-health-system-employee-plan/9/hospital",264
10,10,"https://www.geisinger.org/health-plan/providersearch/pgde81/christiana-care-health-system-employee-plan/10/infusion-therapy-services",265
10,11,"https://www.geisinger.org/health-plan/providersearch/pgde81/christiana-care-health-system-employee-plan/11/laboratory-services",266
10,12,"https://www.geisinger.org/health-plan/providersearch/pgde81/christiana-care-health-system-employee-plan/12/monitoring-services",267
10,16,"https://www.geisinger.org/health-plan/providersearch/pgde81/christiana-care-health-system-employee-plan/16/radiology-facilities",268
10,17,"https://www.geisinger.org/health-plan/providersearch/pgde81/christiana-care-health-system-employee-plan/17/rehabilitation-facilities",269
10,18,"https://www.geisinger.org/health-plan/providersearch/pgde81/christiana-care-health-system-employee-plan/18/skilled-nursing-facilities",270
10,27,"https://www.geisinger.org/health-plan/providersearch/pgde81/christiana-care-health-system-employee-plan/27/sleep-lab-facility",271
10,19,"https://www.geisinger.org/health-plan/providersearch/pgde81/christiana-care-health-system-employee-plan/19/urgent-care-facilities",272
10,1,"https://www.geisinger.org/health-plan/providersearch/pgde81/christiana-care-health-system-employee-plan/1/ambulance-providers",273
10,7,"https://www.geisinger.org/health-plan/providersearch/pgde81/christiana-care-health-system-employee-plan/7/durable-medical-equipment",274
10,8,"https://www.geisinger.org/health-plan/providersearch/pgde81/christiana-care-health-system-employee-plan/8/home-health-hospice-services",275
10,13,"https://www.geisinger.org/health-plan/providersearch/pgde81/christiana-care-health-system-employee-plan/13/ocularist",276
10,30,"https://www.geisinger.org/health-plan/providersearch/pgde81/christiana-care-health-system-employee-plan/30/office-based-opioid-treatment",277
10,14,"https://www.geisinger.org/health-plan/providersearch/pgde81/christiana-care-health-system-employee-plan/14/optical-hardware-supplier",278
10,29,"https://www.geisinger.org/health-plan/providersearch/pgde81/christiana-care-health-system-employee-plan/29/pediatric-dentistry",279
10,15,"https://www.geisinger.org/health-plan/providersearch/pgde81/christiana-care-health-system-employee-plan/15/prosthetics-orthotics",280
11,-1,"https://www.geisinger.org/health-plan/providersearch/pgem65/emhs-employee-plan/-1/all-physicians",281
11,1000,"https://www.geisinger.org/health-plan/providersearch/pgem65/emhs-employee-plan/1000/behavioral-health",282
11,21,"https://www.geisinger.org/health-plan/providersearch/pgem65/emhs-employee-plan/21/medical-group-or-group-practice",283
11,23,"https://www.geisinger.org/health-plan/providersearch/pgem65/emhs-employee-plan/23/primary-care-physician",284
11,24,"https://www.geisinger.org/health-plan/providersearch/pgem65/emhs-employee-plan/24/specialty-care-physician",285
11,2,"https://www.geisinger.org/health-plan/providersearch/pgem65/emhs-employee-plan/2/ambulatory-surgical-centers",286
11,3,"https://www.geisinger.org/health-plan/providersearch/pgem65/emhs-employee-plan/3/audiology-facilities",287
11,4,"https://www.geisinger.org/health-plan/providersearch/pgem65/emhs-employee-plan/4/convenience-clinics",288
11,5,"https://www.geisinger.org/health-plan/providersearch/pgem65/emhs-employee-plan/5/dialysis-facilities",289
11,9,"https://www.geisinger.org/health-plan/providersearch/pgem65/emhs-employee-plan/9/hospital",290
11,10,"https://www.geisinger.org/health-plan/providersearch/pgem65/emhs-employee-plan/10/infusion-therapy-services",291
11,11,"https://www.geisinger.org/health-plan/providersearch/pgem65/emhs-employee-plan/11/laboratory-services",292
11,12,"https://www.geisinger.org/health-plan/providersearch/pgem65/emhs-employee-plan/12/monitoring-services",293
11,16,"https://www.geisinger.org/health-plan/providersearch/pgem65/emhs-employee-plan/16/radiology-facilities",294
11,17,"https://www.geisinger.org/health-plan/providersearch/pgem65/emhs-employee-plan/17/rehabilitation-facilities",295
11,18,"https://www.geisinger.org/health-plan/providersearch/pgem65/emhs-employee-plan/18/skilled-nursing-facilities",296
11,27,"https://www.geisinger.org/health-plan/providersearch/pgem65/emhs-employee-plan/27/sleep-lab-facility",297
11,19,"https://www.geisinger.org/health-plan/providersearch/pgem65/emhs-employee-plan/19/urgent-care-facilities",298
11,1,"https://www.geisinger.org/health-plan/providersearch/pgem65/emhs-employee-plan/1/ambulance-providers",299
11,7,"https://www.geisinger.org/health-plan/providersearch/pgem65/emhs-employee-plan/7/durable-medical-equipment",300
11,8,"https://www.geisinger.org/health-plan/providersearch/pgem65/emhs-employee-plan/8/home-health-hospice-services",301
11,13,"https://www.geisinger.org/health-plan/providersearch/pgem65/emhs-employee-plan/13/ocularist",302
11,30,"https://www.geisinger.org/health-plan/providersearch/pgem65/emhs-employee-plan/30/office-based-opioid-treatment",303
11,14,"https://www.geisinger.org/health-plan/providersearch/pgem65/emhs-employee-plan/14/optical-hardware-supplier",304
11,15,"https://www.geisinger.org/health-plan/providersearch/pgem65/emhs-employee-plan/15/prosthetics-orthotics",305
12,-1,"https://www.geisinger.org/health-plan/providersearch/pgfpa0/family-practice-center/-1/all-physicians",306
12,1000,"https://www.geisinger.org/health-plan/providersearch/pgfpa0/family-practice-center/1000/behavioral-health",307
12,21,"https://www.geisinger.org/health-plan/providersearch/pgfpa0/family-practice-center/21/medical-group-or-group-practice",308
12,23,"https://www.geisinger.org/health-plan/providersearch/pgfpa0/family-practice-center/23/primary-care-physician",309
12,24,"https://www.geisinger.org/health-plan/providersearch/pgfpa0/family-practice-center/24/specialty-care-physician",310
12,2,"https://www.geisinger.org/health-plan/providersearch/pgfpa0/family-practice-center/2/ambulatory-surgical-centers",311
12,3,"https://www.geisinger.org/health-plan/providersearch/pgfpa0/family-practice-center/3/audiology-facilities",312
12,4,"https://www.geisinger.org/health-plan/providersearch/pgfpa0/family-practice-center/4/convenience-clinics",313
12,5,"https://www.geisinger.org/health-plan/providersearch/pgfpa0/family-practice-center/5/dialysis-facilities",314
12,9,"https://www.geisinger.org/health-plan/providersearch/pgfpa0/family-practice-center/9/hospital",315
12,10,"https://www.geisinger.org/health-plan/providersearch/pgfpa0/family-practice-center/10/infusion-therapy-services",316
12,11,"https://www.geisinger.org/health-plan/providersearch/pgfpa0/family-practice-center/11/laboratory-services",317
12,12,"https://www.geisinger.org/health-plan/providersearch/pgfpa0/family-practice-center/12/monitoring-services",318
12,16,"https://www.geisinger.org/health-plan/providersearch/pgfpa0/family-practice-center/16/radiology-facilities",319
12,17,"https://www.geisinger.org/health-plan/providersearch/pgfpa0/family-practice-center/17/rehabilitation-facilities",320
12,18,"https://www.geisinger.org/health-plan/providersearch/pgfpa0/family-practice-center/18/skilled-nursing-facilities",321
12,27,"https://www.geisinger.org/health-plan/providersearch/pgfpa0/family-practice-center/27/sleep-lab-facility",322
12,19,"https://www.geisinger.org/health-plan/providersearch/pgfpa0/family-practice-center/19/urgent-care-facilities",323
12,1,"https://www.geisinger.org/health-plan/providersearch/pgfpa0/family-practice-center/1/ambulance-providers",324
12,7,"https://www.geisinger.org/health-plan/providersearch/pgfpa0/family-practice-center/7/durable-medical-equipment",325
12,8,"https://www.geisinger.org/health-plan/providersearch/pgfpa0/family-practice-center/8/home-health-hospice-services",326
12,13,"https://www.geisinger.org/health-plan/providersearch/pgfpa0/family-practice-center/13/ocularist",327
12,30,"https://www.geisinger.org/health-plan/providersearch/pgfpa0/family-practice-center/30/office-based-opioid-treatment",328
12,14,"https://www.geisinger.org/health-plan/providersearch/pgfpa0/family-practice-center/14/optical-hardware-supplier",329
12,15,"https://www.geisinger.org/health-plan/providersearch/pgfpa0/family-practice-center/15/prosthetics-orthotics",330
13,-1,"https://www.geisinger.org/health-plan/providersearch/pghs77/holy-spirit-employee-plan/-1/all-physicians",331
13,1000,"https://www.geisinger.org/health-plan/providersearch/pghs77/holy-spirit-employee-plan/1000/behavioral-health",332
13,21,"https://www.geisinger.org/health-plan/providersearch/pghs77/holy-spirit-employee-plan/21/medical-group-or-group-practice",333
13,23,"https://www.geisinger.org/health-plan/providersearch/pghs77/holy-spirit-employee-plan/23/primary-care-physician",334
13,24,"https://www.geisinger.org/health-plan/providersearch/pghs77/holy-spirit-employee-plan/24/specialty-care-physician",335
13,2,"https://www.geisinger.org/health-plan/providersearch/pghs77/holy-spirit-employee-plan/2/ambulatory-surgical-centers",336
13,3,"https://www.geisinger.org/health-plan/providersearch/pghs77/holy-spirit-employee-plan/3/audiology-facilities",337
13,4,"https://www.geisinger.org/health-plan/providersearch/pghs77/holy-spirit-employee-plan/4/convenience-clinics",338
13,5,"https://www.geisinger.org/health-plan/providersearch/pghs77/holy-spirit-employee-plan/5/dialysis-facilities",339
13,9,"https://www.geisinger.org/health-plan/providersearch/pghs77/holy-spirit-employee-plan/9/hospital",340
13,10,"https://www.geisinger.org/health-plan/providersearch/pghs77/holy-spirit-employee-plan/10/infusion-therapy-services",341
13,11,"https://www.geisinger.org/health-plan/providersearch/pghs77/holy-spirit-employee-plan/11/laboratory-services",342
13,12,"https://www.geisinger.org/health-plan/providersearch/pghs77/holy-spirit-employee-plan/12/monitoring-services",343
13,16,"https://www.geisinger.org/health-plan/providersearch/pghs77/holy-spirit-employee-plan/16/radiology-facilities",344
13,17,"https://www.geisinger.org/health-plan/providersearch/pghs77/holy-spirit-employee-plan/17/rehabilitation-facilities",345
13,18,"https://www.geisinger.org/health-plan/providersearch/pghs77/holy-spirit-employee-plan/18/skilled-nursing-facilities",346
13,27,"https://www.geisinger.org/health-plan/providersearch/pghs77/holy-spirit-employee-plan/27/sleep-lab-facility",347
13,19,"https://www.geisinger.org/health-plan/providersearch/pghs77/holy-spirit-employee-plan/19/urgent-care-facilities",348
13,1,"https://www.geisinger.org/health-plan/providersearch/pghs77/holy-spirit-employee-plan/1/ambulance-providers",349
13,7,"https://www.geisinger.org/health-plan/providersearch/pghs77/holy-spirit-employee-plan/7/durable-medical-equipment",350
13,8,"https://www.geisinger.org/health-plan/providersearch/pghs77/holy-spirit-employee-plan/8/home-health-hospice-services",351
13,13,"https://www.geisinger.org/health-plan/providersearch/pghs77/holy-spirit-employee-plan/13/ocularist",352
13,30,"https://www.geisinger.org/health-plan/providersearch/pghs77/holy-spirit-employee-plan/30/office-based-opioid-treatment",353
13,14,"https://www.geisinger.org/health-plan/providersearch/pghs77/holy-spirit-employee-plan/14/optical-hardware-supplier",354
13,15,"https://www.geisinger.org/health-plan/providersearch/pghs77/holy-spirit-employee-plan/15/prosthetics-orthotics",355
14,-1,"https://www.geisinger.org/health-plan/providersearch/pgpea5/pebtf-custom-hmo-rehp-custom-hmo/-1/all-physicians",356
14,1000,"https://www.geisinger.org/health-plan/providersearch/pgpea5/pebtf-custom-hmo-rehp-custom-hmo/1000/behavioral-health",357
14,21,"https://www.geisinger.org/health-plan/providersearch/pgpea5/pebtf-custom-hmo-rehp-custom-hmo/21/medical-group-or-group-practice",358
14,23,"https://www.geisinger.org/health-plan/providersearch/pgpea5/pebtf-custom-hmo-rehp-custom-hmo/23/primary-care-physician",359
14,24,"https://www.geisinger.org/health-plan/providersearch/pgpea5/pebtf-custom-hmo-rehp-custom-hmo/24/specialty-care-physician",360
14,2,"https://www.geisinger.org/health-plan/providersearch/pgpea5/pebtf-custom-hmo-rehp-custom-hmo/2/ambulatory-surgical-centers",361
14,3,"https://www.geisinger.org/health-plan/providersearch/pgpea5/pebtf-custom-hmo-rehp-custom-hmo/3/audiology-facilities",362
14,4,"https://www.geisinger.org/health-plan/providersearch/pgpea5/pebtf-custom-hmo-rehp-custom-hmo/4/convenience-clinics",363
14,5,"https://www.geisinger.org/health-plan/providersearch/pgpea5/pebtf-custom-hmo-rehp-custom-hmo/5/dialysis-facilities",364
14,9,"https://www.geisinger.org/health-plan/providersearch/pgpea5/pebtf-custom-hmo-rehp-custom-hmo/9/hospital",365
14,10,"https://www.geisinger.org/health-plan/providersearch/pgpea5/pebtf-custom-hmo-rehp-custom-hmo/10/infusion-therapy-services",366
14,11,"https://www.geisinger.org/health-plan/providersearch/pgpea5/pebtf-custom-hmo-rehp-custom-hmo/11/laboratory-services",367
14,16,"https://www.geisinger.org/health-plan/providersearch/pgpea5/pebtf-custom-hmo-rehp-custom-hmo/16/radiology-facilities",368
14,17,"https://www.geisinger.org/health-plan/providersearch/pgpea5/pebtf-custom-hmo-rehp-custom-hmo/17/rehabilitation-facilities",369
14,18,"https://www.geisinger.org/health-plan/providersearch/pgpea5/pebtf-custom-hmo-rehp-custom-hmo/18/skilled-nursing-facilities",370
14,27,"https://www.geisinger.org/health-plan/providersearch/pgpea5/pebtf-custom-hmo-rehp-custom-hmo/27/sleep-lab-facility",371
14,19,"https://www.geisinger.org/health-plan/providersearch/pgpea5/pebtf-custom-hmo-rehp-custom-hmo/19/urgent-care-facilities",372
14,1,"https://www.geisinger.org/health-plan/providersearch/pgpea5/pebtf-custom-hmo-rehp-custom-hmo/1/ambulance-providers",373
14,7,"https://www.geisinger.org/health-plan/providersearch/pgpea5/pebtf-custom-hmo-rehp-custom-hmo/7/durable-medical-equipment",374
14,8,"https://www.geisinger.org/health-plan/providersearch/pgpea5/pebtf-custom-hmo-rehp-custom-hmo/8/home-health-hospice-services",375
14,13,"https://www.geisinger.org/health-plan/providersearch/pgpea5/pebtf-custom-hmo-rehp-custom-hmo/13/ocularist",376
14,30,"https://www.geisinger.org/health-plan/providersearch/pgpea5/pebtf-custom-hmo-rehp-custom-hmo/30/office-based-opioid-treatment",377
14,14,"https://www.geisinger.org/health-plan/providersearch/pgpea5/pebtf-custom-hmo-rehp-custom-hmo/14/optical-hardware-supplier",378
14,15,"https://www.geisinger.org/health-plan/providersearch/pgpea5/pebtf-custom-hmo-rehp-custom-hmo/15/prosthetics-orthotics",379
15,-1,"https://www.geisinger.org/health-plan/providersearch/pgsl90/st-lukes-university-health-network/-1/all-physicians",380
15,1000,"https://www.geisinger.org/health-plan/providersearch/pgsl90/st-lukes-university-health-network/1000/behavioral-health",381
15,21,"https://www.geisinger.org/health-plan/providersearch/pgsl90/st-lukes-university-health-network/21/medical-group-or-group-practice",382
15,23,"https://www.geisinger.org/health-plan/providersearch/pgsl90/st-lukes-university-health-network/23/primary-care-physician",383
15,24,"https://www.geisinger.org/health-plan/providersearch/pgsl90/st-lukes-university-health-network/24/specialty-care-physician",384
15,2,"https://www.geisinger.org/health-plan/providersearch/pgsl90/st-lukes-university-health-network/2/ambulatory-surgical-centers",385
15,3,"https://www.geisinger.org/health-plan/providersearch/pgsl90/st-lukes-university-health-network/3/audiology-facilities",386
15,4,"https://www.geisinger.org/health-plan/providersearch/pgsl90/st-lukes-university-health-network/4/convenience-clinics",387
15,5,"https://www.geisinger.org/health-plan/providersearch/pgsl90/st-lukes-university-health-network/5/dialysis-facilities",388
15,9,"https://www.geisinger.org/health-plan/providersearch/pgsl90/st-lukes-university-health-network/9/hospital",389
15,10,"https://www.geisinger.org/health-plan/providersearch/pgsl90/st-lukes-university-health-network/10/infusion-therapy-services",390
15,11,"https://www.geisinger.org/health-plan/providersearch/pgsl90/st-lukes-university-health-network/11/laboratory-services",391
15,12,"https://www.geisinger.org/health-plan/providersearch/pgsl90/st-lukes-university-health-network/12/monitoring-services",392
15,16,"https://www.geisinger.org/health-plan/providersearch/pgsl90/st-lukes-university-health-network/16/radiology-facilities",393
15,17,"https://www.geisinger.org/health-plan/providersearch/pgsl90/st-lukes-university-health-network/17/rehabilitation-facilities",394
15,18,"https://www.geisinger.org/health-plan/providersearch/pgsl90/st-lukes-university-health-network/18/skilled-nursing-facilities",395
15,27,"https://www.geisinger.org/health-plan/providersearch/pgsl90/st-lukes-university-health-network/27/sleep-lab-facility",396
15,19,"https://www.geisinger.org/health-plan/providersearch/pgsl90/st-lukes-university-health-network/19/urgent-care-facilities",397
15,1,"https://www.geisinger.org/health-plan/providersearch/pgsl90/st-lukes-university-health-network/1/ambulance-providers",398
15,7,"https://www.geisinger.org/health-plan/providersearch/pgsl90/st-lukes-university-health-network/7/durable-medical-equipment",399
15,8,"https://www.geisinger.org/health-plan/providersearch/pgsl90/st-lukes-university-health-network/8/home-health-hospice-services",400
15,13,"https://www.geisinger.org/health-plan/providersearch/pgsl90/st-lukes-university-health-network/13/ocularist",401
15,30,"https://www.geisinger.org/health-plan/providersearch/pgsl90/st-lukes-university-health-network/30/office-based-opioid-treatment",402
15,14,"https://www.geisinger.org/health-plan/providersearch/pgsl90/st-lukes-university-health-network/14/optical-hardware-supplier",403
15,29,"https://www.geisinger.org/health-plan/providersearch/pgsl90/st-lukes-university-health-network/29/pediatric-dentistry",404
15,15,"https://www.geisinger.org/health-plan/providersearch/pgsl90/st-lukes-university-health-network/15/prosthetics-orthotics",405
16,-1,"https://www.geisinger.org/health-plan/providersearch/pgwf89/ufcw-1776-h-w-fund-wise-foods/-1/all-physicians",406
16,1000,"https://www.geisinger.org/health-plan/providersearch/pgwf89/ufcw-1776-h-w-fund-wise-foods/1000/behavioral-health",407
16,21,"https://www.geisinger.org/health-plan/providersearch/pgwf89/ufcw-1776-h-w-fund-wise-foods/21/medical-group-or-group-practice",408
16,23,"https://www.geisinger.org/health-plan/providersearch/pgwf89/ufcw-1776-h-w-fund-wise-foods/23/primary-care-physician",409
16,24,"https://www.geisinger.org/health-plan/providersearch/pgwf89/ufcw-1776-h-w-fund-wise-foods/24/specialty-care-physician",410
16,2,"https://www.geisinger.org/health-plan/providersearch/pgwf89/ufcw-1776-h-w-fund-wise-foods/2/ambulatory-surgical-centers",411
16,3,"https://www.geisinger.org/health-plan/providersearch/pgwf89/ufcw-1776-h-w-fund-wise-foods/3/audiology-facilities",412
16,4,"https://www.geisinger.org/health-plan/providersearch/pgwf89/ufcw-1776-h-w-fund-wise-foods/4/convenience-clinics",413
16,5,"https://www.geisinger.org/health-plan/providersearch/pgwf89/ufcw-1776-h-w-fund-wise-foods/5/dialysis-facilities",414
16,9,"https://www.geisinger.org/health-plan/providersearch/pgwf89/ufcw-1776-h-w-fund-wise-foods/9/hospital",415
16,10,"https://www.geisinger.org/health-plan/providersearch/pgwf89/ufcw-1776-h-w-fund-wise-foods/10/infusion-therapy-services",416
16,11,"https://www.geisinger.org/health-plan/providersearch/pgwf89/ufcw-1776-h-w-fund-wise-foods/11/laboratory-services",417
16,16,"https://www.geisinger.org/health-plan/providersearch/pgwf89/ufcw-1776-h-w-fund-wise-foods/16/radiology-facilities",418
16,17,"https://www.geisinger.org/health-plan/providersearch/pgwf89/ufcw-1776-h-w-fund-wise-foods/17/rehabilitation-facilities",419
16,18,"https://www.geisinger.org/health-plan/providersearch/pgwf89/ufcw-1776-h-w-fund-wise-foods/18/skilled-nursing-facilities",420
16,27,"https://www.geisinger.org/health-plan/providersearch/pgwf89/ufcw-1776-h-w-fund-wise-foods/27/sleep-lab-facility",421
16,19,"https://www.geisinger.org/health-plan/providersearch/pgwf89/ufcw-1776-h-w-fund-wise-foods/19/urgent-care-facilities",422
16,1,"https://www.geisinger.org/health-plan/providersearch/pgwf89/ufcw-1776-h-w-fund-wise-foods/1/ambulance-providers",423
16,7,"https://www.geisinger.org/health-plan/providersearch/pgwf89/ufcw-1776-h-w-fund-wise-foods/7/durable-medical-equipment",424
16,8,"https://www.geisinger.org/health-plan/providersearch/pgwf89/ufcw-1776-h-w-fund-wise-foods/8/home-health-hospice-services",425
16,30,"https://www.geisinger.org/health-plan/providersearch/pgwf89/ufcw-1776-h-w-fund-wise-foods/30/office-based-opioid-treatment",426
16,14,"https://www.geisinger.org/health-plan/providersearch/pgwf89/ufcw-1776-h-w-fund-wise-foods/14/optical-hardware-supplier",427
16,15,"https://www.geisinger.org/health-plan/providersearch/pgwf89/ufcw-1776-h-w-fund-wise-foods/15/prosthetics-orthotics",428
17,-1,"https://www.geisinger.org/health-plan/providersearch/pgrpnp/geisinger-choice-ppo/-1/all-physicians",429
17,1000,"https://www.geisinger.org/health-plan/providersearch/pgrpnp/geisinger-choice-ppo/1000/behavioral-health",430
17,21,"https://www.geisinger.org/health-plan/providersearch/pgrpnp/geisinger-choice-ppo/21/medical-group-or-group-practice",431
17,23,"https://www.geisinger.org/health-plan/providersearch/pgrpnp/geisinger-choice-ppo/23/primary-care-physician",432
17,24,"https://www.geisinger.org/health-plan/providersearch/pgrpnp/geisinger-choice-ppo/24/specialty-care-physician",433
17,2,"https://www.geisinger.org/health-plan/providersearch/pgrpnp/geisinger-choice-ppo/2/ambulatory-surgical-centers",434
17,3,"https://www.geisinger.org/health-plan/providersearch/pgrpnp/geisinger-choice-ppo/3/audiology-facilities",435
17,4,"https://www.geisinger.org/health-plan/providersearch/pgrpnp/geisinger-choice-ppo/4/convenience-clinics",436
17,5,"https://www.geisinger.org/health-plan/providersearch/pgrpnp/geisinger-choice-ppo/5/dialysis-facilities",437
17,9,"https://www.geisinger.org/health-plan/providersearch/pgrpnp/geisinger-choice-ppo/9/hospital",438
17,10,"https://www.geisinger.org/health-plan/providersearch/pgrpnp/geisinger-choice-ppo/10/infusion-therapy-services",439
17,11,"https://www.geisinger.org/health-plan/providersearch/pgrpnp/geisinger-choice-ppo/11/laboratory-services",440
17,12,"https://www.geisinger.org/health-plan/providersearch/pgrpnp/geisinger-choice-ppo/12/monitoring-services",441
17,16,"https://www.geisinger.org/health-plan/providersearch/pgrpnp/geisinger-choice-ppo/16/radiology-facilities",442
17,17,"https://www.geisinger.org/health-plan/providersearch/pgrpnp/geisinger-choice-ppo/17/rehabilitation-facilities",443
17,18,"https://www.geisinger.org/health-plan/providersearch/pgrpnp/geisinger-choice-ppo/18/skilled-nursing-facilities",444
17,27,"https://www.geisinger.org/health-plan/providersearch/pgrpnp/geisinger-choice-ppo/27/sleep-lab-facility",445
17,19,"https://www.geisinger.org/health-plan/providersearch/pgrpnp/geisinger-choice-ppo/19/urgent-care-facilities",446
17,1,"https://www.geisinger.org/health-plan/providersearch/pgrpnp/geisinger-choice-ppo/1/ambulance-providers",447
17,7,"https://www.geisinger.org/health-plan/providersearch/pgrpnp/geisinger-choice-ppo/7/durable-medical-equipment",448
17,8,"https://www.geisinger.org/health-plan/providersearch/pgrpnp/geisinger-choice-ppo/8/home-health-hospice-services",449
17,13,"https://www.geisinger.org/health-plan/providersearch/pgrpnp/geisinger-choice-ppo/13/ocularist",450
17,30,"https://www.geisinger.org/health-plan/providersearch/pgrpnp/geisinger-choice-ppo/30/office-based-opioid-treatment",451
17,14,"https://www.geisinger.org/health-plan/providersearch/pgrpnp/geisinger-choice-ppo/14/optical-hardware-supplier",452
17,15,"https://www.geisinger.org/health-plan/providersearch/pgrpnp/geisinger-choice-ppo/15/prosthetics-orthotics",453
18,-1,"https://www.geisinger.org/health-plan/providersearch/pghm/geisinger-health-plan-solutions-non-group/-1/all-physicians",454
18,1000,"https://www.geisinger.org/health-plan/providersearch/pghm/geisinger-health-plan-solutions-non-group/1000/behavioral-health",455
18,21,"https://www.geisinger.org/health-plan/providersearch/pghm/geisinger-health-plan-solutions-non-group/21/medical-group-or-group-practice",456
18,23,"https://www.geisinger.org/health-plan/providersearch/pghm/geisinger-health-plan-solutions-non-group/23/primary-care-physician",457
18,24,"https://www.geisinger.org/health-plan/providersearch/pghm/geisinger-health-plan-solutions-non-group/24/specialty-care-physician",458
18,2,"https://www.geisinger.org/health-plan/providersearch/pghm/geisinger-health-plan-solutions-non-group/2/ambulatory-surgical-centers",459
18,3,"https://www.geisinger.org/health-plan/providersearch/pghm/geisinger-health-plan-solutions-non-group/3/audiology-facilities",460
18,4,"https://www.geisinger.org/health-plan/providersearch/pghm/geisinger-health-plan-solutions-non-group/4/convenience-clinics",461
18,5,"https://www.geisinger.org/health-plan/providersearch/pghm/geisinger-health-plan-solutions-non-group/5/dialysis-facilities",462
18,9,"https://www.geisinger.org/health-plan/providersearch/pghm/geisinger-health-plan-solutions-non-group/9/hospital",463
18,10,"https://www.geisinger.org/health-plan/providersearch/pghm/geisinger-health-plan-solutions-non-group/10/infusion-therapy-services",464
18,11,"https://www.geisinger.org/health-plan/providersearch/pghm/geisinger-health-plan-solutions-non-group/11/laboratory-services",465
18,12,"https://www.geisinger.org/health-plan/providersearch/pghm/geisinger-health-plan-solutions-non-group/12/monitoring-services",466
18,16,"https://www.geisinger.org/health-plan/providersearch/pghm/geisinger-health-plan-solutions-non-group/16/radiology-facilities",467
18,17,"https://www.geisinger.org/health-plan/providersearch/pghm/geisinger-health-plan-solutions-non-group/17/rehabilitation-facilities",468
18,18,"https://www.geisinger.org/health-plan/providersearch/pghm/geisinger-health-plan-solutions-non-group/18/skilled-nursing-facilities",469
18,27,"https://www.geisinger.org/health-plan/providersearch/pghm/geisinger-health-plan-solutions-non-group/27/sleep-lab-facility",470
18,19,"https://www.geisinger.org/health-plan/providersearch/pghm/geisinger-health-plan-solutions-non-group/19/urgent-care-facilities",471
18,1,"https://www.geisinger.org/health-plan/providersearch/pghm/geisinger-health-plan-solutions-non-group/1/ambulance-providers",472
18,7,"https://www.geisinger.org/health-plan/providersearch/pghm/geisinger-health-plan-solutions-non-group/7/durable-medical-equipment",473
18,8,"https://www.geisinger.org/health-plan/providersearch/pghm/geisinger-health-plan-solutions-non-group/8/home-health-hospice-services",474
18,13,"https://www.geisinger.org/health-plan/providersearch/pghm/geisinger-health-plan-solutions-non-group/13/ocularist",475
18,30,"https://www.geisinger.org/health-plan/providersearch/pghm/geisinger-health-plan-solutions-non-group/30/office-based-opioid-treatment",476
18,14,"https://www.geisinger.org/health-plan/providersearch/pghm/geisinger-health-plan-solutions-non-group/14/optical-hardware-supplier",477
18,15,"https://www.geisinger.org/health-plan/providersearch/pghm/geisinger-health-plan-solutions-non-group/15/prosthetics-orthotics",478
19,-1,"https://www.geisinger.org/health-plan/providersearch/pgxhxc/geisinger-marketplace-hmo-pos-catastrophic/-1/all-physicians",479
19,1000,"https://www.geisinger.org/health-plan/providersearch/pgxhxc/geisinger-marketplace-hmo-pos-catastrophic/1000/behavioral-health",480
19,21,"https://www.geisinger.org/health-plan/providersearch/pgxhxc/geisinger-marketplace-hmo-pos-catastrophic/21/medical-group-or-group-practice",481
19,23,"https://www.geisinger.org/health-plan/providersearch/pgxhxc/geisinger-marketplace-hmo-pos-catastrophic/23/primary-care-physician",482
19,24,"https://www.geisinger.org/health-plan/providersearch/pgxhxc/geisinger-marketplace-hmo-pos-catastrophic/24/specialty-care-physician",483
19,2,"https://www.geisinger.org/health-plan/providersearch/pgxhxc/geisinger-marketplace-hmo-pos-catastrophic/2/ambulatory-surgical-centers",484
19,3,"https://www.geisinger.org/health-plan/providersearch/pgxhxc/geisinger-marketplace-hmo-pos-catastrophic/3/audiology-facilities",485
19,4,"https://www.geisinger.org/health-plan/providersearch/pgxhxc/geisinger-marketplace-hmo-pos-catastrophic/4/convenience-clinics",486
19,5,"https://www.geisinger.org/health-plan/providersearch/pgxhxc/geisinger-marketplace-hmo-pos-catastrophic/5/dialysis-facilities",487
19,9,"https://www.geisinger.org/health-plan/providersearch/pgxhxc/geisinger-marketplace-hmo-pos-catastrophic/9/hospital",488
19,10,"https://www.geisinger.org/health-plan/providersearch/pgxhxc/geisinger-marketplace-hmo-pos-catastrophic/10/infusion-therapy-services",489
19,11,"https://www.geisinger.org/health-plan/providersearch/pgxhxc/geisinger-marketplace-hmo-pos-catastrophic/11/laboratory-services",490
19,12,"https://www.geisinger.org/health-plan/providersearch/pgxhxc/geisinger-marketplace-hmo-pos-catastrophic/12/monitoring-services",491
19,16,"https://www.geisinger.org/health-plan/providersearch/pgxhxc/geisinger-marketplace-hmo-pos-catastrophic/16/radiology-facilities",492
19,17,"https://www.geisinger.org/health-plan/providersearch/pgxhxc/geisinger-marketplace-hmo-pos-catastrophic/17/rehabilitation-facilities",493
19,18,"https://www.geisinger.org/health-plan/providersearch/pgxhxc/geisinger-marketplace-hmo-pos-catastrophic/18/skilled-nursing-facilities",494
19,27,"https://www.geisinger.org/health-plan/providersearch/pgxhxc/geisinger-marketplace-hmo-pos-catastrophic/27/sleep-lab-facility",495
19,19,"https://www.geisinger.org/health-plan/providersearch/pgxhxc/geisinger-marketplace-hmo-pos-catastrophic/19/urgent-care-facilities",496
19,1,"https://www.geisinger.org/health-plan/providersearch/pgxhxc/geisinger-marketplace-hmo-pos-catastrophic/1/ambulance-providers",497
19,7,"https://www.geisinger.org/health-plan/providersearch/pgxhxc/geisinger-marketplace-hmo-pos-catastrophic/7/durable-medical-equipment",498
19,8,"https://www.geisinger.org/health-plan/providersearch/pgxhxc/geisinger-marketplace-hmo-pos-catastrophic/8/home-health-hospice-services",499
19,13,"https://www.geisinger.org/health-plan/providersearch/pgxhxc/geisinger-marketplace-hmo-pos-catastrophic/13/ocularist",500
19,30,"https://www.geisinger.org/health-plan/providersearch/pgxhxc/geisinger-marketplace-hmo-pos-catastrophic/30/office-based-opioid-treatment",501
19,14,"https://www.geisinger.org/health-plan/providersearch/pgxhxc/geisinger-marketplace-hmo-pos-catastrophic/14/optical-hardware-supplier",502
19,29,"https://www.geisinger.org/health-plan/providersearch/pgxhxc/geisinger-marketplace-hmo-pos-catastrophic/29/pediatric-dentistry",503
19,15,"https://www.geisinger.org/health-plan/providersearch/pgxhxc/geisinger-marketplace-hmo-pos-catastrophic/15/prosthetics-orthotics",504
20,-1,"https://www.geisinger.org/health-plan/providersearch/pgxpxf/geisinger-marketplace-ppo/-1/all-physicians",505
20,1000,"https://www.geisinger.org/health-plan/providersearch/pgxpxf/geisinger-marketplace-ppo/1000/behavioral-health",506
20,21,"https://www.geisinger.org/health-plan/providersearch/pgxpxf/geisinger-marketplace-ppo/21/medical-group-or-group-practice",507
20,23,"https://www.geisinger.org/health-plan/providersearch/pgxpxf/geisinger-marketplace-ppo/23/primary-care-physician",508
20,24,"https://www.geisinger.org/health-plan/providersearch/pgxpxf/geisinger-marketplace-ppo/24/specialty-care-physician",509
20,2,"https://www.geisinger.org/health-plan/providersearch/pgxpxf/geisinger-marketplace-ppo/2/ambulatory-surgical-centers",510
20,3,"https://www.geisinger.org/health-plan/providersearch/pgxpxf/geisinger-marketplace-ppo/3/audiology-facilities",511
20,4,"https://www.geisinger.org/health-plan/providersearch/pgxpxf/geisinger-marketplace-ppo/4/convenience-clinics",512
20,5,"https://www.geisinger.org/health-plan/providersearch/pgxpxf/geisinger-marketplace-ppo/5/dialysis-facilities",513
20,9,"https://www.geisinger.org/health-plan/providersearch/pgxpxf/geisinger-marketplace-ppo/9/hospital",514
20,10,"https://www.geisinger.org/health-plan/providersearch/pgxpxf/geisinger-marketplace-ppo/10/infusion-therapy-services",515
20,11,"https://www.geisinger.org/health-plan/providersearch/pgxpxf/geisinger-marketplace-ppo/11/laboratory-services",516
20,12,"https://www.geisinger.org/health-plan/providersearch/pgxpxf/geisinger-marketplace-ppo/12/monitoring-services",517
20,16,"https://www.geisinger.org/health-plan/providersearch/pgxpxf/geisinger-marketplace-ppo/16/radiology-facilities",518
20,17,"https://www.geisinger.org/health-plan/providersearch/pgxpxf/geisinger-marketplace-ppo/17/rehabilitation-facilities",519
20,18,"https://www.geisinger.org/health-plan/providersearch/pgxpxf/geisinger-marketplace-ppo/18/skilled-nursing-facilities",520
20,27,"https://www.geisinger.org/health-plan/providersearch/pgxpxf/geisinger-marketplace-ppo/27/sleep-lab-facility",521
20,19,"https://www.geisinger.org/health-plan/providersearch/pgxpxf/geisinger-marketplace-ppo/19/urgent-care-facilities",522
20,1,"https://www.geisinger.org/health-plan/providersearch/pgxpxf/geisinger-marketplace-ppo/1/ambulance-providers",523
20,7,"https://www.geisinger.org/health-plan/providersearch/pgxpxf/geisinger-marketplace-ppo/7/durable-medical-equipment",524
20,8,"https://www.geisinger.org/health-plan/providersearch/pgxpxf/geisinger-marketplace-ppo/8/home-health-hospice-services",525
20,13,"https://www.geisinger.org/health-plan/providersearch/pgxpxf/geisinger-marketplace-ppo/13/ocularist",526
20,30,"https://www.geisinger.org/health-plan/providersearch/pgxpxf/geisinger-marketplace-ppo/30/office-based-opioid-treatment",527
20,14,"https://www.geisinger.org/health-plan/providersearch/pgxpxf/geisinger-marketplace-ppo/14/optical-hardware-supplier",528
20,29,"https://www.geisinger.org/health-plan/providersearch/pgxpxf/geisinger-marketplace-ppo/29/pediatric-dentistry",529
20,15,"https://www.geisinger.org/health-plan/providersearch/pgxpxf/geisinger-marketplace-ppo/15/prosthetics-orthotics",530
21,-1,"https://www.geisinger.org/health-plan/providersearch/pgmane/ghp-family/-1/all-physicians",531
21,1000,"https://www.geisinger.org/health-plan/providersearch/pgmane/ghp-family/1000/behavioral-health",532
21,21,"https://www.geisinger.org/health-plan/providersearch/pgmane/ghp-family/21/medical-group-or-group-practice",533
21,23,"https://www.geisinger.org/health-plan/providersearch/pgmane/ghp-family/23/primary-care-physician",534
21,24,"https://www.geisinger.org/health-plan/providersearch/pgmane/ghp-family/24/specialty-care-physician",535
21,2,"https://www.geisinger.org/health-plan/providersearch/pgmane/ghp-family/2/ambulatory-surgical-centers",536
21,3,"https://www.geisinger.org/health-plan/providersearch/pgmane/ghp-family/3/audiology-facilities",537
21,4,"https://www.geisinger.org/health-plan/providersearch/pgmane/ghp-family/4/convenience-clinics",538
21,5,"https://www.geisinger.org/health-plan/providersearch/pgmane/ghp-family/5/dialysis-facilities",539
21,9,"https://www.geisinger.org/health-plan/providersearch/pgmane/ghp-family/9/hospital",540
21,10,"https://www.geisinger.org/health-plan/providersearch/pgmane/ghp-family/10/infusion-therapy-services",541
21,11,"https://www.geisinger.org/health-plan/providersearch/pgmane/ghp-family/11/laboratory-services",542
21,12,"https://www.geisinger.org/health-plan/providersearch/pgmane/ghp-family/12/monitoring-services",543
21,16,"https://www.geisinger.org/health-plan/providersearch/pgmane/ghp-family/16/radiology-facilities",544
21,17,"https://www.geisinger.org/health-plan/providersearch/pgmane/ghp-family/17/rehabilitation-facilities",545
21,18,"https://www.geisinger.org/health-plan/providersearch/pgmane/ghp-family/18/skilled-nursing-facilities",546
21,27,"https://www.geisinger.org/health-plan/providersearch/pgmane/ghp-family/27/sleep-lab-facility",547
21,19,"https://www.geisinger.org/health-plan/providersearch/pgmane/ghp-family/19/urgent-care-facilities",548
21,1,"https://www.geisinger.org/health-plan/providersearch/pgmane/ghp-family/1/ambulance-providers",549
21,7,"https://www.geisinger.org/health-plan/providersearch/pgmane/ghp-family/7/durable-medical-equipment",550
21,8,"https://www.geisinger.org/health-plan/providersearch/pgmane/ghp-family/8/home-health-hospice-services",551
21,30,"https://www.geisinger.org/health-plan/providersearch/pgmane/ghp-family/30/office-based-opioid-treatment",552
21,14,"https://www.geisinger.org/health-plan/providersearch/pgmane/ghp-family/14/optical-hardware-supplier",553
21,15,"https://www.geisinger.org/health-plan/providersearch/pgmane/ghp-family/15/prosthetics-orthotics",554
22,-1,"https://www.geisinger.org/health-plan/providersearch/pgchbq/ghp-kids-chip/-1/all-physicians",555
22,1000,"https://www.geisinger.org/health-plan/providersearch/pgchbq/ghp-kids-chip/1000/behavioral-health",556
22,21,"https://www.geisinger.org/health-plan/providersearch/pgchbq/ghp-kids-chip/21/medical-group-or-group-practice",557
22,23,"https://www.geisinger.org/health-plan/providersearch/pgchbq/ghp-kids-chip/23/primary-care-physician",558
22,24,"https://www.geisinger.org/health-plan/providersearch/pgchbq/ghp-kids-chip/24/specialty-care-physician",559
22,2,"https://www.geisinger.org/health-plan/providersearch/pgchbq/ghp-kids-chip/2/ambulatory-surgical-centers",560
22,3,"https://www.geisinger.org/health-plan/providersearch/pgchbq/ghp-kids-chip/3/audiology-facilities",561
22,4,"https://www.geisinger.org/health-plan/providersearch/pgchbq/ghp-kids-chip/4/convenience-clinics",562
22,5,"https://www.geisinger.org/health-plan/providersearch/pgchbq/ghp-kids-chip/5/dialysis-facilities",563
22,9,"https://www.geisinger.org/health-plan/providersearch/pgchbq/ghp-kids-chip/9/hospital",564
22,10,"https://www.geisinger.org/health-plan/providersearch/pgchbq/ghp-kids-chip/10/infusion-therapy-services",565
22,11,"https://www.geisinger.org/health-plan/providersearch/pgchbq/ghp-kids-chip/11/laboratory-services",566
22,12,"https://www.geisinger.org/health-plan/providersearch/pgchbq/ghp-kids-chip/12/monitoring-services",567
22,16,"https://www.geisinger.org/health-plan/providersearch/pgchbq/ghp-kids-chip/16/radiology-facilities",568
22,17,"https://www.geisinger.org/health-plan/providersearch/pgchbq/ghp-kids-chip/17/rehabilitation-facilities",569
22,18,"https://www.geisinger.org/health-plan/providersearch/pgchbq/ghp-kids-chip/18/skilled-nursing-facilities",570
22,27,"https://www.geisinger.org/health-plan/providersearch/pgchbq/ghp-kids-chip/27/sleep-lab-facility",571
22,19,"https://www.geisinger.org/health-plan/providersearch/pgchbq/ghp-kids-chip/19/urgent-care-facilities",572
22,1,"https://www.geisinger.org/health-plan/providersearch/pgchbq/ghp-kids-chip/1/ambulance-providers",573
22,7,"https://www.geisinger.org/health-plan/providersearch/pgchbq/ghp-kids-chip/7/durable-medical-equipment",574
22,8,"https://www.geisinger.org/health-plan/providersearch/pgchbq/ghp-kids-chip/8/home-health-hospice-services",575
22,30,"https://www.geisinger.org/health-plan/providersearch/pgchbq/ghp-kids-chip/30/office-based-opioid-treatment",576
22,14,"https://www.geisinger.org/health-plan/providersearch/pgchbq/ghp-kids-chip/14/optical-hardware-supplier",577
22,15,"https://www.geisinger.org/health-plan/providersearch/pgchbq/ghp-kids-chip/15/prosthetics-orthotics",578
23,-1,"https://www.geisinger.org/health-plan/providersearch/pgmc/geisinger-gold-classic-hmo/-1/all-physicians",579
23,1000,"https://www.geisinger.org/health-plan/providersearch/pgmc/geisinger-gold-classic-hmo/1000/behavioral-health",580
23,21,"https://www.geisinger.org/health-plan/providersearch/pgmc/geisinger-gold-classic-hmo/21/medical-group-or-group-practice",581
23,23,"https://www.geisinger.org/health-plan/providersearch/pgmc/geisinger-gold-classic-hmo/23/primary-care-physician",582
23,24,"https://www.geisinger.org/health-plan/providersearch/pgmc/geisinger-gold-classic-hmo/24/specialty-care-physician",583
23,2,"https://www.geisinger.org/health-plan/providersearch/pgmc/geisinger-gold-classic-hmo/2/ambulatory-surgical-centers",584
23,3,"https://www.geisinger.org/health-plan/providersearch/pgmc/geisinger-gold-classic-hmo/3/audiology-facilities",585
23,4,"https://www.geisinger.org/health-plan/providersearch/pgmc/geisinger-gold-classic-hmo/4/convenience-clinics",586
23,5,"https://www.geisinger.org/health-plan/providersearch/pgmc/geisinger-gold-classic-hmo/5/dialysis-facilities",587
23,9,"https://www.geisinger.org/health-plan/providersearch/pgmc/geisinger-gold-classic-hmo/9/hospital",588
23,10,"https://www.geisinger.org/health-plan/providersearch/pgmc/geisinger-gold-classic-hmo/10/infusion-therapy-services",589
23,11,"https://www.geisinger.org/health-plan/providersearch/pgmc/geisinger-gold-classic-hmo/11/laboratory-services",590
23,12,"https://www.geisinger.org/health-plan/providersearch/pgmc/geisinger-gold-classic-hmo/12/monitoring-services",591
23,16,"https://www.geisinger.org/health-plan/providersearch/pgmc/geisinger-gold-classic-hmo/16/radiology-facilities",592
23,17,"https://www.geisinger.org/health-plan/providersearch/pgmc/geisinger-gold-classic-hmo/17/rehabilitation-facilities",593
23,18,"https://www.geisinger.org/health-plan/providersearch/pgmc/geisinger-gold-classic-hmo/18/skilled-nursing-facilities",594
23,27,"https://www.geisinger.org/health-plan/providersearch/pgmc/geisinger-gold-classic-hmo/27/sleep-lab-facility",595
23,19,"https://www.geisinger.org/health-plan/providersearch/pgmc/geisinger-gold-classic-hmo/19/urgent-care-facilities",596
23,1,"https://www.geisinger.org/health-plan/providersearch/pgmc/geisinger-gold-classic-hmo/1/ambulance-providers",597
23,7,"https://www.geisinger.org/health-plan/providersearch/pgmc/geisinger-gold-classic-hmo/7/durable-medical-equipment",598
23,8,"https://www.geisinger.org/health-plan/providersearch/pgmc/geisinger-gold-classic-hmo/8/home-health-hospice-services",599
23,13,"https://www.geisinger.org/health-plan/providersearch/pgmc/geisinger-gold-classic-hmo/13/ocularist",600
23,30,"https://www.geisinger.org/health-plan/providersearch/pgmc/geisinger-gold-classic-hmo/30/office-based-opioid-treatment",601
23,14,"https://www.geisinger.org/health-plan/providersearch/pgmc/geisinger-gold-classic-hmo/14/optical-hardware-supplier",602
23,15,"https://www.geisinger.org/health-plan/providersearch/pgmc/geisinger-gold-classic-hmo/15/prosthetics-orthotics",603
24,-1,"https://www.geisinger.org/health-plan/providersearch/pgmi/geisinger-gold-preferred-ppo/-1/all-physicians",604
24,1000,"https://www.geisinger.org/health-plan/providersearch/pgmi/geisinger-gold-preferred-ppo/1000/behavioral-health",605
24,21,"https://www.geisinger.org/health-plan/providersearch/pgmi/geisinger-gold-preferred-ppo/21/medical-group-or-group-practice",606
24,23,"https://www.geisinger.org/health-plan/providersearch/pgmi/geisinger-gold-preferred-ppo/23/primary-care-physician",607
24,24,"https://www.geisinger.org/health-plan/providersearch/pgmi/geisinger-gold-preferred-ppo/24/specialty-care-physician",608
24,2,"https://www.geisinger.org/health-plan/providersearch/pgmi/geisinger-gold-preferred-ppo/2/ambulatory-surgical-centers",609
24,3,"https://www.geisinger.org/health-plan/providersearch/pgmi/geisinger-gold-preferred-ppo/3/audiology-facilities",610
24,4,"https://www.geisinger.org/health-plan/providersearch/pgmi/geisinger-gold-preferred-ppo/4/convenience-clinics",611
24,5,"https://www.geisinger.org/health-plan/providersearch/pgmi/geisinger-gold-preferred-ppo/5/dialysis-facilities",612
24,9,"https://www.geisinger.org/health-plan/providersearch/pgmi/geisinger-gold-preferred-ppo/9/hospital",613
24,10,"https://www.geisinger.org/health-plan/providersearch/pgmi/geisinger-gold-preferred-ppo/10/infusion-therapy-services",614
24,11,"https://www.geisinger.org/health-plan/providersearch/pgmi/geisinger-gold-preferred-ppo/11/laboratory-services",615
24,12,"https://www.geisinger.org/health-plan/providersearch/pgmi/geisinger-gold-preferred-ppo/12/monitoring-services",616
24,16,"https://www.geisinger.org/health-plan/providersearch/pgmi/geisinger-gold-preferred-ppo/16/radiology-facilities",617
24,17,"https://www.geisinger.org/health-plan/providersearch/pgmi/geisinger-gold-preferred-ppo/17/rehabilitation-facilities",618
24,18,"https://www.geisinger.org/health-plan/providersearch/pgmi/geisinger-gold-preferred-ppo/18/skilled-nursing-facilities",619
24,27,"https://www.geisinger.org/health-plan/providersearch/pgmi/geisinger-gold-preferred-ppo/27/sleep-lab-facility",620
24,19,"https://www.geisinger.org/health-plan/providersearch/pgmi/geisinger-gold-preferred-ppo/19/urgent-care-facilities",621
24,1,"https://www.geisinger.org/health-plan/providersearch/pgmi/geisinger-gold-preferred-ppo/1/ambulance-providers",622
24,7,"https://www.geisinger.org/health-plan/providersearch/pgmi/geisinger-gold-preferred-ppo/7/durable-medical-equipment",623
24,8,"https://www.geisinger.org/health-plan/providersearch/pgmi/geisinger-gold-preferred-ppo/8/home-health-hospice-services",624
24,13,"https://www.geisinger.org/health-plan/providersearch/pgmi/geisinger-gold-preferred-ppo/13/ocularist",625
24,30,"https://www.geisinger.org/health-plan/providersearch/pgmi/geisinger-gold-preferred-ppo/30/office-based-opioid-treatment",626
24,14,"https://www.geisinger.org/health-plan/providersearch/pgmi/geisinger-gold-preferred-ppo/14/optical-hardware-supplier",627
24,15,"https://www.geisinger.org/health-plan/providersearch/pgmi/geisinger-gold-preferred-ppo/15/prosthetics-orthotics",628
25,-1,"https://www.geisinger.org/health-plan/providersearch/pgmcnd/geisinger-gold-secure-hmo-snp/-1/all-physicians",629
25,1000,"https://www.geisinger.org/health-plan/providersearch/pgmcnd/geisinger-gold-secure-hmo-snp/1000/behavioral-health",630
25,21,"https://www.geisinger.org/health-plan/providersearch/pgmcnd/geisinger-gold-secure-hmo-snp/21/medical-group-or-group-practice",631
25,23,"https://www.geisinger.org/health-plan/providersearch/pgmcnd/geisinger-gold-secure-hmo-snp/23/primary-care-physician",632
25,24,"https://www.geisinger.org/health-plan/providersearch/pgmcnd/geisinger-gold-secure-hmo-snp/24/specialty-care-physician",633
25,2,"https://www.geisinger.org/health-plan/providersearch/pgmcnd/geisinger-gold-secure-hmo-snp/2/ambulatory-surgical-centers",634
25,3,"https://www.geisinger.org/health-plan/providersearch/pgmcnd/geisinger-gold-secure-hmo-snp/3/audiology-facilities",635
25,4,"https://www.geisinger.org/health-plan/providersearch/pgmcnd/geisinger-gold-secure-hmo-snp/4/convenience-clinics",636
25,5,"https://www.geisinger.org/health-plan/providersearch/pgmcnd/geisinger-gold-secure-hmo-snp/5/dialysis-facilities",637
25,9,"https://www.geisinger.org/health-plan/providersearch/pgmcnd/geisinger-gold-secure-hmo-snp/9/hospital",638
25,10,"https://www.geisinger.org/health-plan/providersearch/pgmcnd/geisinger-gold-secure-hmo-snp/10/infusion-therapy-services",639
25,11,"https://www.geisinger.org/health-plan/providersearch/pgmcnd/geisinger-gold-secure-hmo-snp/11/laboratory-services",640
25,12,"https://www.geisinger.org/health-plan/providersearch/pgmcnd/geisinger-gold-secure-hmo-snp/12/monitoring-services",641
25,16,"https://www.geisinger.org/health-plan/providersearch/pgmcnd/geisinger-gold-secure-hmo-snp/16/radiology-facilities",642
25,17,"https://www.geisinger.org/health-plan/providersearch/pgmcnd/geisinger-gold-secure-hmo-snp/17/rehabilitation-facilities",643
25,18,"https://www.geisinger.org/health-plan/providersearch/pgmcnd/geisinger-gold-secure-hmo-snp/18/skilled-nursing-facilities",644
25,27,"https://www.geisinger.org/health-plan/providersearch/pgmcnd/geisinger-gold-secure-hmo-snp/27/sleep-lab-facility",645
25,19,"https://www.geisinger.org/health-plan/providersearch/pgmcnd/geisinger-gold-secure-hmo-snp/19/urgent-care-facilities",646
25,1,"https://www.geisinger.org/health-plan/providersearch/pgmcnd/geisinger-gold-secure-hmo-snp/1/ambulance-providers",647
25,7,"https://www.geisinger.org/health-plan/providersearch/pgmcnd/geisinger-gold-secure-hmo-snp/7/durable-medical-equipment",648
25,8,"https://www.geisinger.org/health-plan/providersearch/pgmcnd/geisinger-gold-secure-hmo-snp/8/home-health-hospice-services",649
25,13,"https://www.geisinger.org/health-plan/providersearch/pgmcnd/geisinger-gold-secure-hmo-snp/13/ocularist",650
25,30,"https://www.geisinger.org/health-plan/providersearch/pgmcnd/geisinger-gold-secure-hmo-snp/30/office-based-opioid-treatment",651
25,14,"https://www.geisinger.org/health-plan/providersearch/pgmcnd/geisinger-gold-secure-hmo-snp/14/optical-hardware-supplier",652
25,15,"https://www.geisinger.org/health-plan/providersearch/pgmcnd/geisinger-gold-secure-hmo-snp/15/prosthetics-orthotics",653
